https://flagma.ua/doska-paletnaya-o12822277.html;Доска палетная;НВП Укрпромзерно, ООО;Полтава, UA;5 000 грн/метр куб.;Компания производит и реализует на постоянной основе палетную доску разных размеров из сосны . Сухостой , зелёная , производственные базы расположены в г. Днепр , г. Харьков , возможно доставка .;+380 (99) 088-80-58;+380 (99) 259-17-77
https://flagma.ua/prodam-novye-poddony-epal-evropoddon-eksport-o4546140.html;Продам новые поддоны EPAL, европоддон, экспорт;Мирошниченко А., ФЛП;Харьков, UA;15 €/штука;Самое крупное производство поддонов в Украине, расширяет рынки сбыта.Мы продаем новые сертифицированные поддоны EPAL.Также производим поддоны под заказ, облегченные поддоны (различный размер и сорт), работаем с нестандартными размерами.В наличии деревянные элементы для поддонов, паллетные борта.Только опт.Доставка по всей Украине, экспортируем в Европу.Есть вся необходимая документация;+380 (50) 747-41-48;+380 (98) 889-40-37
https://flagma.ua/prodam-poddony-novye-1200h800-2-3-sort-po-o3527119.html;Продам поддоны новые 1200х800 2-3 сорт по лучшей цене;Бакун В.Г., ФЛП;Житомир, UA;70 грн/штука;Цена от производителя.Поддон сделан из заготовки 21х95Шашка 80х80х85Используем гвозди с кольцевым накатом под пневмопистолет.Качество тары отличное. Выдерживает вес 1500 кг.Доставка по Житомиру бесплатная от 100 шт;+380 (63) 687-26-65;
https://flagma.ua/izgotavlivaem-prodaem-poddony-o5132257.html;Изготавливаем, продаем Поддоны;Титарчук А., ООО;Здолбунов, UA;110 грн/штука;Изготавливаем, продаем Поддоны, (epal, cp, uic стандартные, нестандартные), палетную заготовку, строительный лес, (стандартные, облегченку, нестандартные) 1-3 сорт, дисковое пиление, свежепил, сухостой, лиственные породы от фуры в неделю.В наявності є Европіддон полегшений 1200*800*144 доска 22 сухий без клейма 160гн з ПДВ у вас на территорії;+380 (68) 567-21-77;+380 (63) 723-96-52
https://flagma.ua/gruzovye-derevyannye-vosstanovlennye-poddony-o1178621.html;;Аватос Груп, ООО;Днепр, UA;;Наше предприятие работает на паллетном рынке с 2005 года. За время существования компанией наработан обширный опыт как в сфере производства поддонов, так и в сфере реализации готовой продукции потребителями. В распоряжении нашего предприятия производственные цеха и пилорамы. Вся продукция соответствует ГОСТ 9557-87, что позволяет гарантировать улучшенную износостойкость. Наравне с производством и продажей новых изделий, мы осуществляем покупку и продажу поддонов бывших в употреблении. Вся б/у продукция проходит предпродажную проверку качества, сортировку и при необходимости осуществляется их ремонт. Мы стремимся производить и продавать продукт, который стоит своих денег. Наша продукция - надежная основа Вашего бизнеса. Подробнее:;+380 (67) 638-23-23;
https://flagma.ua/evropoddony-novye-i-b-u-v-otlichnom-sostoyanii-o5064506.html;Европоддоны. Новые и б/у в отличном состоянии. Работаем по в;;Киев, UA;;;+380 (67) 245-69-69;
https://flagma.ua/poddony-pallety-prodazha-vykup-remont-o8559545.html;Поддоны (паллеты) продажа/выкуп/ремонт/изготовление;Паллетный Двор, ООО;Бровары, UA;50 грн/штука;Паллетный Двор ООО;+380 (67) 211-00-81;+380 (44) 499-56-60
https://flagma.ua/poddony-derevyannye-1200h800-evro-i-oblegchenka-o7610719.html;Поддоны деревянные 1200х800 Евро и Облегченка;Пона Украина, ООО;Киев, UA;130 грн/штука;Облегченный поддон (грузоподъемность 1,5 тонны) новый и сортированный из качественной древесины от производителя.Мы реализуем облегченку:- новую- 1 сорт- 2 сорт- новый из заготовки 3 сорта;+380 (67) 534-92-13;
https://flagma.ua/prodam-poddony-o6109668.html;Продам поддоны;Раким, ФЛП;Киев, UA;70 грн/штука;Евро поддон размером 1200х800 за 75 грн. Также других размеров. Любая форма оплаты. Так же наша компания закупает и реализует поддоны, паллеты по всей территории Украины— любых размеров и видов (как новые, так и бывшие в употреблении). Компания производит, продает, продажа и реализует, закупает, закупка, покупка , заготовка, палетка, палетка, европоддоны, европоддон, паллеты, паллета, поддон, поддоны, тара, упаковка, грузовые, транспортные, пластиковые, деревянные, новые, б/у, размером 1200х800х145 с нагрузкой до 2500 кг (светлые и темные), 1200х800х140 с нагрузкой до 1500 кг (светлые и темные), 1200х800х140 с нагрузкой до 800 кг (светлые и темные), 1200х1000х145 с нагрузкой до 2500 кг (светлые и темные), 1200х1000х140 с нагрузкой до 1500 кг (светлые и темные), 1200х1000х140 с нагрузкой 800 кг (светлые итемные) в Киеве и Киевской области, Житомире, Харькове, Днепропетровске, Донецке, Чернигове, Черкассах, Кременьчуге, Кировограде, Николаеве, Хмельницком, Броварах, Борисполе, Полтаве, Миргороде, Ровно, Луцке, Сумах, Шостке, Виннице, Белой Церкви, Ковеле.;+380 (97) 530-98-91;
https://flagma.ua/prodam-poddon-o5142022.html;Продам поддон;Екоподдон, ЧП;Ровно, UA;80 грн/штука;Продам поддон облегченный, настил 5-6 досок.Размер 1200*8001200*10001000*1000Заготовка 1-2 сорт, сухая, сырая, сухостой;+380 (68) 605-08-13;
https://flagma.ua/pokupaem-evropoddony-derevyannye-i-plastikovye-o996365.html;Покупаем Европоддоны деревянные и пластиковые новые и б/у;Сидорчук Роман Владимирович, ФЛП;Киев, UA;105.99 грн/штука;"""Евро-Пак""- На Выгодных для Вас условиях Дорого закупает Европоддоны, Паллеты, Поддоны деревянные и пластиковые новые, б/у размером 800х1200, 1000х1200, 1200х1200 и Заготовку для их производства (так же интересует сухая заготовка). Рассмотрим любые предложения. Будем рады сотрудничать с Вами.";+380 (67) 238-71-44;
https://flagma.ua/kuplyu-prodam-poddon-1200h1000-novy-i-bu-o4428047.html;Куплю, продам поддон 1200х1000 новый и б/у;Триумф, ЧП;Вишневое, UA;104.95 грн/штука;Куплю, продам поддон 1200х1000 новый и бывший в употреблении за 104,95 грн.Евро поддон размером 1200х800 за 104,95 грн.Цена с учетом доставки. Любая форма оплаты. Так же наша компания закупает и реализует поддоны, паллеты по всей территории Украины— любых размеров и видов (как новые, так и бывшие в употреблении). Компания производит, продает, продажа и реализует, закупает, закупка, покупка , заготовка, палетка, палетка, европоддоны, европоддон, паллеты, паллета, поддон, поддоны, тара, упаковка, грузовые, транспортные, пластиковые, деревянные, новые, б/у, размером 1200х800х145 с нагрузкой до 2500 кг (светлые и темные), 1200х800х140 с нагрузкой до 1500 кг (светлые и темные), 1200х800х140 с нагрузкой до 800 кг (светлые и темные), 1200х1000х145 с нагрузкой до 2500 кг (светлые и темные), 1200х1000х140 с нагрузкой до 1500 кг (светлые и темные), 1200х1000х140 с нагрузкой 800 кг (светлые итемные) в Киеве и Киевской области, Житомире, Харькове, Днепропетровске, Донецке, Чернигове, Черкассах, Кременьчуге, Кировограде, Николаеве, Хмельницком, Броварах, Борисполе, Полтаве, Миргороде, Ровно, Луцке, Сумах, Шостке, Виннице, Белой Церкви, Ковеле.;+380 (67) 828-26-58;+380 (97) 530-98-91
https://flagma.ua/poddony-po-chertezham-zakazchika-o4626113.html;Поддоны по чертежам Заказчика;;Харьков, UA;;;+380 (50) 194-21-14;+380 (66) 060-32-55
https://flagma.ua/kryshka-poddona-paletka-brusok-o13626078.html;Крышка поддона палетка брусок;Wood Pallets, ЧП;Новоград-Волынский, UA;70 грн/штука;Продам Комплект для производства 650 шт поддонов - 1000*1200.Состав:Крышка поддона (1000*1200) - 18*90*1200 - 8 досок настила - 650 шт.Палетная заготовка - 18*90*1200 - 4м3,Брусок - 80*90*1300 - 4,5м3,Порода : хвойно-лиственная.Цена по договоренности..Более подробно по тел.;+380 (97) 661-10-28;+380 (97) 716-58-48
https://flagma.ua/evropoddony-o8397942.html;Европоддоны;Тов ЗЛР, ООО;Луцк, UA;5.30 €/штука;Компания занимается производством европоддонов. имеем полный цикл от заготовки древесины, переработки и выпуска готовой продукции на современном оборудовании. поддон изготовляется на итальянской линии coralli предприятие размещено на расстоянии 100 км от польско-украинской границы, что логистически выгоден экспорт в европу;+380 (50) 863-78-76;+380 (50) 863-78-04
https://flagma.ua/proizvodim-derevyannuyu-taru-poddony-yashchiki-o8405764.html;Производим деревянную тару поддоны ящики;;Барановка, UA;;;+380 (67) 266-60-84;
https://flagma.ua/evropoddon-uic-eur-o7289934.html;Европоддон UIC EUR;Тов ЗЛР, ООО;Луцк, UA;12 €/штука;Предприятие имеет собственное приозводство от заготовки и транспортировки древесины до изготовления нового поддона с клеймом фито и UIC EUR.поллетная заготовка производится на многопиле, а сам поддон сбивается на итальянской линии corralliимеютсясобсвенные сушильные камеры производительностью одноразовой загрузки 150 куб м.производство размещено в 100 км от польской границы, что логистически выгодно для экспорта продукции в европупроизводим погрузку и таможенное оформление груза, а при необходимости представляем транспорт.телефон, вайбер, ватсап ,;+380 (50) 863-78-76;+380 (50) 863-78-04
https://flagma.ua/doska-paletka-sosna-o13402523.html;Доска (палетка) сосна;НІЛС, ООО;Славянск, UA;4 250 грн/штука;Паллетная доска: 100*20*1200;+380 (95) 137-98-47;+380 (50) 068-60-88
https://flagma.ua/palletnaya-zagotovka-1-2-3-4-sort-miks-o13637437.html;Паллетная заготовка 1,2,3,4 сорт. микс.;ІҐДРА, ООО;Ватутино, UA;6 500 грн/метр куб.;Здійснюємо виробництво палетної заготівки хвойних порід, різних розмірів та сорту. Працюємо на постійній основі.  ;+380 (93) 476-84-38;+380 (98) 533-16-94
https://flagma.ua/palletnaya-zagotovka-1-2-sort-raznye-razmery-o13115183.html;Паллетная Заготовка 1,2, сорт. разные размеры под заказ.;ІҐДРА, ООО;Ватутино, UA;6 900 грн/метр куб.;"ТОВ ""ІҐДРА"" Це виробництво, продаж та доставка пиломатеріалів високої якості. Ми проконсультуємо Вас по всім питанням і подоможемо підібрати пиломатеріал, який відповідає усім вимогам Вашого будівництва. Великій вибір пиломатеріалів, виготовлення пиломатеріалів різного розміру та сорту, та деревини. Ми прагнемо до довгострокового співробітництва, та гарантуємо якість та стабільність поставок.ТОВ ""ІҐДРА""Продавец ТОВ ""ІҐДРА""";+380 (93) 476-84-38;+380 (98) 533-16-94
https://flagma.ua/prodam-paletnu-zahotovku-1-sortu-o14170741.html;Продам палетну заготовку 1 сорту;;Костополь, UA;200 €/м3;Завод пропонує палетну заготовку суху 1сорту 20-95-1200, 20-145-1200. Великі об'єми, постійна співпраця!;+380 (67) 009-31-00;
https://flagma.ua/paletna-zahotovka-obrizna-doshka-22-ka-sosna-1-2-sort-o14295590.html;Палетна заготовка, обрізна дошка, 22- ка, сосна, 1-2 сорт.;Богданов В.В., ФЛП;Киев, UA;4 500 грн/метр куб.;"Палетна заготовка;Дошка на піддони;Дошка на обшивку;Розмір: 22х98,Довжина - 2,8м. - ( залік - 2,4 м),Сорт-1 -2,Дошка 22х143,Довжина 2,8 м.Сорт -1,Ціна:З синевою - 4500 грн,Біла - 5500 грн,Від виробника, можливий б/г розрахунок.";+380 (67) 564-01-79;
https://flagma.ua/paletna-zahotovka-z-sosny-o14525603.html;Палетна заготовка з сосни;Харсун А.Ю., ФЛП;Вышгород, UA;5 000 грн/метр куб.;Виробляємо і реалізуємо палетну заготовку із сосни.22х100х120022x145x1200Свіжопил, природна вологість, розпил дисковими пилами, дискова торцовка.Працюємо по Україні і на єкспорт (EXW, FCA, CPT).Склад у Київській обл.;+380 (93) 277-29-37;+380 (99) 601-47-46
https://flagma.ua/pylomaterial-paletna-zahotovka-na-eksport-o8354660.html;Пиломатеріал, палетна заготовка на експорт;КДВ, ЧП;Киев, UA;1 грн/штука;Українска фірма виготовляє пиломатеріал, палетну заготовку, піддони, кришки на піддони, рамки під вантажі і т. п. гарної якості та в будь-якій кількості. Готові співпрацювати з іноземними компаніями, прямий експортний контракт, а також з вітчизняними компаніми нашої країни. Працюємо з ПДВ та без (ФОП). На ринку вже більш як 10 років. Телефонуйте, пишіть - ми вміємо домовлятися на взаємовигідних умовах.;+380 (95) 203-43-98;+380 (66) 928-45-84
https://flagma.ua/paletna-zahotovka-miakolystianykh-porid-o13749590.html;Палетна заготовка м'яколистяних порід;Euro-brus, ФЛП;Смела, UA;3 500 грн/метр куб.;Виготовляємо палетну заготовку згідно спеціфікації замовника.;+380 (96) 774-77-42;
https://flagma.ua/paletna-zagotovka-o13976417.html;Палетна заготовка;Ищенко Владимир Анатольевич, ФЛП;Олевск, UA;6 000 грн/метр куб.;Виготовляю постійно палетну заготовку 22*98*1200, 22*143*800-1200, 78*98-143*2000-4000, якість багатопильна. Працюємо з сухостоєм та свіжопильною хвоєю. Об’єм в тиждень 3 машинонорми.Можливо спільне виробництво тари.;+380 (97) 807-68-07;
https://flagma.ua/paletna-zagotovka-o13830126.html;Палетна заготовка;Еммакс-Постач, ООО;Луцк, UA;7 000 грн/штука;На постійній основі продам палетну заготовку сосна свіжопил розміром221431.2-2.5м22981.2м1 сорту та 22981.2 2 сорту якість багатопил.Цікавить довготривала співпраця, люба форма розрахунку.Працюємо з пдв та можливий експорт , також наявна доставка;+380 (98) 752-49-45;
https://flagma.ua/paletna-zagotovka-o13963792.html;Палетна заготовка;;Старая Выжевка, UA;4 700 грн/штука;Продам палетну заготовку22*143*4000/360022*98*4000/3600Також дошку довжиною 4,5/6м.50*100/15025*100/120/150 мм.;+380 (98) 642-05-04;
https://flagma.ua/paletna-zagotovka-sosna-smereka-o13757133.html;Палетна заготовка сосна, смерека;Добрий Ліс, ЧП;Львов, UA;5 600 грн/метр куб.;Палетна заготовкаСвіжа і синяДощечка22х98х400022х143х4000Брус78х98х400078х143х4000;+380 (50) 024-90-43;
https://flagma.ua/paletna-zagotovka-2-y-sort-o10827044.html;Палетна заготовка 2-й. сорт;Одинов В.І, ФЛП;Ратно, UA;3 400 грн/метр куб.;Продам палетну заготовку 2-й сорт за розміром 22*98*1200.2-й сорт корований та некорований, ціна договірна. тел.0933379804;+380 (93) 337-98-04;
https://flagma.ua/paletna-zagotovka-o12174499.html;Палетна заготовка;Бєлов М.Є., ФЛП;Ровно, UA;4 800 грн/метр куб.;Продам 60м3 м3 палетної заготовки22х100х1.2м:2.5м:4.0м22х145х0.8м:1.2м:4.0мСухостой більшість партії.;+380 (98) 838-59-47;
https://flagma.ua/paletnaya-zagotovka-o12986236.html;ПАЛЕТНАЯ ЗАГОТОВКА;Тара Транс, ООО;Днепр, UA;4 500 грн/метр куб.;Палетна заготовка (свежепіл, сухостій, сосна, осика) різні розміри, торцованая, сорт 1, 2, 3.Погрузка, доставка.В наявності зі складу у м. Дніпро, та за замовленням.;+380 (95) 913-27-48;
https://flagma.ua/paletna-zahotovka-klas-1-o14399763.html;Палетна заготовка клас (1);;Ровно, UA;;;+380 (93) 158-33-47;
https://flagma.ua/paletna-zagotovka-dlya-piddoniv-1-2-3-sort-o11134410.html;Палетна заготовка для піддонів 1.2.3 сорт;;Владимирец, UA;;;+380 (97) 196-32-09;
https://flagma.ua/paletna-zagotovka-o12644353.html;Палетна заготовка;Сергійчук С.Г., ФЛП;Новоград-Волынский, UA;3 000 грн/штука;Продаємо палетну дошку за гарною ціною, пильні розміри:18х80-100х800-1000-1200 1-2 сорт, 18х80х800-1000-1200 3 сорт, 20х80-100-125-150х800-1000-1200 1-2 сорт, 20х80х800-1000-1200 3 сорт. Камерна сушка, свіжопил, продукція на складі, можлива доставка або самовивіз, залікові розміри за домовленністю.Детальна інформація за телефоном.;+380 (98) 029-06-57;
https://flagma.ua/doshka-paletna-paletka-o7274795.html;Дошка палетна, палетка;Жук Т.Н., ФЛП;Сарны, UA;5 000 грн/штука;Палетка сосна:22х145х120022х102х120022х95х1200 мм,сосна сухостійна.Експорт та внутрішній ринок України, машинні норми, великий та малий опт, постійна основа. В наявності сировина.Адекватні ціни, відмінна якість розпилу, вчасне виконання замовлення та відправка товару. Безготівковий розрахунок.;+380 (68) 332-18-38;+380 (96) 752-24-88
https://flagma.ua/paletka-paletna-zahotovka-u-lvovi-o14230497.html;Палетка палетна заготовка у Львові;Forest Technology, ООО;Малин, UA;1 грн/штука;Продам палетну заготовку камерної сушки KD 14%, сосна 1 сорт,20х100х1000Місцезнаходження Буськ, Львівська обл.Внутрішній ринок або експорт.Ціна 6000грн.;+380 (50) 013-17-20;
https://flagma.ua/palletni-bort-paletnyi-bort-1200800192-mm-na-evropoddon-o14013614.html;Паллетный борт / палетний борт 1200*800*192 мм на европоддон;Хмельницкий И., ФЛП;Хмельницкий, UA;1 грн/штука;Паллетный борт / палетний борт 1200*800*192 мм на европоддон;+380 (67) 900-06-90;
https://flagma.ua/zagotovki-dlya-evropiddoniv-prodazh-o13877631.html;Заготовки для європіддонів Продаж;Українська Універсальна Біржа, ООО;Полтава, UA;6 800 грн/метр куб.;"ТОВ ""Українська універсальна біржа"" здійснює продаж заготовок для європіддонів (пиломатеріалів) державних лісгоспів. Якість відмінна! Ціни від виробників! Телефонуйте!";+380 (68) 286-81-63;+380 (44) 383-08-30
https://flagma.ua/prodam-paletni-zagotovki-o12495899.html;Продам палетні заготовки;Igrowood Perfomance, ЧП;Лубны, UA;8 000 грн/услуга;Продам палетні заготовки , ціна договірна. М'які породи дерева.;+380 (95) 778-86-47;
https://flagma.ua/prodam-zagotovku-dlya-piddoniv-o14022906.html;Продам заготовку для піддонів;;Костополь, UA;20 грн/штука;Продам заготовку соснову для піддонів. Розмір:22-99-1200 (сира) 2, 3 сорт. Ціна договірна.;+380 (67) 009-31-00;
https://flagma.ua/prodam-zagotovku-dlya-piddoniv-o14225135.html;Продам заготовку для піддонів;Мищенко А.О., ФЛП;Чернигов, UA;130 $/метр куб.;Продам палетну заготовку від виробникачернінівська обл.;+380 (68) 538-95-23;+380 (95) 667-66-40
https://flagma.ua/paletna-doshka-zagotovka-dlya-piddoniv-o13639962.html;Палетна дошка (Заготовка для піддонів);Горобець А., ФЛП;Житомир, UA;2 500 грн/метр куб.;Палетка, дошка, брус свіжопил, доступні розміри: 22х95х2000/1200/1000, деревина Сосна, готові працювати на постійній основі, 1-2-3 сорт для детальної інформації звязуйтесь за номером телефону;+380 (67) 867-68-77;
https://flagma.ua/kuplyu-paletnu-zagotovku-o10957289.html;Куплю палетну заготовку;ЛьвівТара, ООО;Львов, UA;2 000 грн/метр;Купимо палетну заготовку розміром 1200800У великій кількостіГотівковий і безготівковий розрахунокБудемо раді нашій співпраці;+380 (99) 166-78-60;
https://flagma.ua/prodaiemo-paletnu-zahotovku-z-mnoho-pyla-o14260423.html;Продаємо палетну заготовку з много пила;;Житомир, UA;1 €/метр куб.;Виробнитство з обмеженої відповідальності реалізовує палетну заготовку з багатопила. Виробництво може виготовити до 400 мкуб в місяць . Готові до співпраці. Також працюємо на експорт;+380 (68) 487-29-16;
https://flagma.ua/prodam-paletnu-zahotovku-pershoho-i-druhoho-sortu-doshku-obriznu-o14259882.html;Продам палетну заготовку першого і другого сорту, дошку обрізну;;Львов, UA;6 000 грн/метр куб.;Продам палетну заготовку першого і другого сорту для європіддона. Продаємо обрізну дошку, брус. Висока якість пиляння на брусовочному і багатопильному верстаті.;+380 (97) 605-73-09;
https://flagma.ua/prodam-pilomaterial-paletnu-zagotovku-2-sort-o12433012.html;Продам пиломатеріал(палетну заготовку) 2 сорт;Турковець Ірина Петрівна, ФЛП;Ковель, UA;3 500 грн/метр куб.;На постійній основі виготовляємо палетну заготовку 1,2 сорту з сосни .Рoзміри:22х98х120022х143х1200Об’єм від 1500 м3 в місяць.Можлива реалізація сухоі палєтноі заготовки після камерноі сушки;+380 (99) 435-87-02;
https://flagma.ua/piddoni-evropaleti-zagotovka-brus-o4983782.html;Піддони, європалети, заготовка, брус;;Киев, UA;;;+380 (67) 236-22-25;
https://flagma.ua/podony-paletnaia-zahotovka-o14545006.html;Подони палетная заготовка;;Киев, UA;1 грн/штука;Виготовляємо підони любих розмірів детальна інформація за телефоном;+380 (67) 161-20-47;
https://flagma.ua/piddony-o2582644.html;Піддони;Домаль В.В., ФЛП;Любомль, UA;100 грн/штука;Виготовляєм полегшені піддони 800х1200 із пал. заготовки 2сорту(22х98х1200/800) цвяхи кільцеві Можем виготовляти по Вашій спеціфікації. також інші види деревяної тари, доставка , експорт, ціни по домовленності.телефонуйте будем раді співпраці.;+380 (98) 310-03-79;
https://flagma.ua/yevropiddon-epal-1200800144-mm-o13161007.html;Європіддон EPAL 1200*800*144 мм.;Скіфи, ЧП;Львов, UA;9.50 €/штука;Виготовляєм та продаєм європіддони EPAL . Виготовлений з палетної заготовки І-го сорту. Підходить для експортних операцій.;+380 (67) 902-52-51;
https://flagma.ua/evropiddoni-piddoni-paleti-o13624110.html;Європіддони / піддони /палети;ЛьвівПАК, ЧП;Каменка-Бугская, UA;200 грн/штука;"Наша компанія ПП ""Львів-Пак"" є виробником таких товарів:- Піддонів (Європіддонів, Європіддонів EPAL на пресованій шашці);- Палетної заготовки;- Пресованого кубика (шашки, кронштейна);- Паливних гранул;- Вугілля деревного;- Дров колотих; Андрій";+380 (96) 007-69-10;
https://flagma.ua/piddon-derev-yaniy-800h1200-7-doshchok-verhniy-o12330890.html;Піддон дерев'яний 800х1200, 7 дощок верхній настил;Вудпак, ООО;Новоград-Волынский, UA;350 грн/штука;Піддон дерев'яний 800х1200, 7 дощок верхній настилПалетна заготовка дискового пилення - геометрія витримана.Породи: хвойні та листяні.Сушені.Знак ІРРС (IPPC). При потребі на партію продукції можемо надавати Акт термообробки або Карантинний Сертифікат.;+380 (63) 172-84-81;
https://flagma.ua/piddoni-epal-o7638024.html;Піддони Epal;;Каменка-Бугская, UA;;;+380 (67) 212-56-54;
https://flagma.ua/piddoni-o9895888.html;Піддони;Павлюк Т., ФЛП;Костополь, UA;60 грн/штука;Продам полегшені піддони 800х1200 із пал. заготовки 1,2сорту(16х75х1200/800) . Можем виготовляти по Вашій спеціфікації. також інші види деревяної тари ціни по домовленності.телефонуйте будем раді співпраці.;+380 (68) 025-60-83;+380 (68) 000-36-03
https://flagma.ua/prodazh-piddoniv-2-y-sort-1200-800-o4299452.html;Продаж піддонів 2-й сорт 1200*800;Верцеха М.М., ФЛП;Ровно, UA;100 грн/штука;Піддони нові, виготовленні з другого сорту заготовки.;+380 (67) 181-84-55;
https://flagma.ua/piddon-derev-yaniy-o8140983.html;Піддон дерев'яний;;Львов, UA;;;+380 (67) 380-03-92;+380 (97) 928-36-15
https://flagma.ua/poddoni-o7732488.html;;;Олевск, UA;;;+380 (99) 527-82-17;+380 (97) 903-09-59
https://flagma.ua/doshka-obrizna-suha-ippc-ta-svizhopil-sosna-o5092227.html;Дошка обрізна суха IPPC та свіжопил -сосна, палетна загтовка;Export-wood, ООО;Рокитное, UA;1 999 грн/метр куб.;Потужне виробництво в Рівненській області, на постійній основі реалізує:*Дошку обрізну*Палетну заготовку/палетка*Брус*Пиломатеріали/дошка за специфікацією клієнтаВ наявності вся необхідна документація для експорту продукції!Сертифікат FSC + IPPC+ фітосанітарний сертифікат.Потужні промислові сушильні камери LUKA 300 кубів!Запрошуємо на виробництво та до співпраці трейдерів та бізнес партнерів!В наявності на складі дошка (атмосферна сушка):16 100 400016 120 400022 120 400022 150 400028 80 400016 75 2500 та інші розміри.Дошка IPPC:16 100 400022 120 400028 80 400028 80 300028 80 200016 120 400022 150 4000 та інші розміри.Палетна заготовка перший, другий, та третій сорт.#export-woodua #дошка_обрізна #обрезная_доска #палетная_заготовка;+380 (67) 116-26-55;
https://flagma.ua/piddoni-novi-i-b-v-v-garnomu-stani-postiyno-v-o5070847.html;Піддони нові і б/в в гарному станi. Постiйно в наявностi;;Киев, UA;;;+380 (67) 245-69-69;
https://flagma.ua/pilomaterialy-doska-obreznaya-shalyovka-brus-o13832248.html;Пиломатериалы. Доска обрезная (шалёвка), брус. Паллетная заготовка;;Котельва, UA;5 000 грн/метр куб.;Пиломатериалы. Доска обрезная (шалёвка), брус. Паллетная заготовка;+380 (66) 026-13-12;
https://flagma.ua/palletnaya-zagotovka-eksport-i-vnutrenniy-o13765565.html;Паллетная заготовка, экспорт и внутренний рынок;ЮЛіС і К, ООО;Березно, UA;1 грн/штука;Паллетная заготовка. Размер пиломатериала изготовляется по Вашему индивидуальному заказу.Экспорт и внутренний рынок.;+380 (98) 786-71-59;
https://flagma.ua/palletnaya-zagotovka-kiev-o8075458.html;;Тов ЗЛР, ООО;Луцк, UA;;Предприятие имеет собственное производство от заготовки и транспортировки древесины до изготовления нового поддона с клеймом фито и UIC EUR.паллетная заготовка производится на многопиле, а сам поддон сбивается на итальянской линии corralliимеются собственные сушильные камеры производительностью одноразовой загрузки 150 куб м.производство размещено в 100 км от польской границы, что логистически выгодно для экспорта продукции в европупроизводим погрузку и таможенное оформление груза, а при необходимости представляем транспорт.телефон, вайбер, ватсап;+380 (50) 863-78-76;+380 (50) 863-78-04
https://flagma.ua/palletnaya-zagotovka-o13839488.html;Паллетная заготовка;РСУ Ремжилстрой, ООО;Брест, BY;;Паллетная заготовка. Из хвойных пород. Дисковое пиление. Камерная сушка. Толщина 15-25 мм.;+375 (44) 795-30-40;+375 (29) 646-63-11
https://flagma.ua/palletnaya-doska-zagotovka-sosna-o13400520.html;Паллетная доска заготовка (сосна);НІЛС, ООО;Славянск, UA;4 250 грн/штука;Паллетная доска заготовка (сосна);+380 (95) 137-98-47;+380 (50) 068-60-88
https://flagma.ua/palletnaya-zagotovka-o1432600.html;Паллетная заготовка;ЕКО ЕНЕРДЖІ ЛТД, ООО;Винница, UA;350 €/метр куб.;Предприятие-производитель на многопильном оборудовании на постоянной основе предлагает паллетную заготовку согласно спецификации заказчика.;+380 (67) 430-28-06;+380 (98) 558-27-70
https://flagma.ua/palletnaya-zagotovka-o12801970.html;Паллетная заготовка;Иленко Максим Георгиевич, ФЛП;Днепр, UA;6 000 грн/штука;Продам паллетную заготовку, дисковое пиление. Толщина 22мм.Шиоина 70\90\95\115\145.Длина 1000\1200\2400\3000.Форма оплаты любая, безнал НДС.;+380 (67) 779-22-20;
https://flagma.ua/palletnaya-zagotovka-o8146239.html;Паллетная заготовка;;Ковель, UA;;;+380 (66) 820-06-22;
https://flagma.ua/palletnaya-zagotovka-zagotovki-poddonov-o2213545.html;Паллетная заготовка. Заготовки для поддонов.;;Киев, UA;;;+380 (95) 065-07-04;
https://flagma.ua/palletnaya-zagotovka-o2304016.html;Паллетная заготовка;LLCVuud, ИП;Киев, UA;1 500 грн/метр куб.;Аренда земли на 10 лет.(цех находится в собственности юр., лица).На территории находится своё КТП на 250 кВт.;+380 (95) 940-26-13;
https://flagma.ua/palletnaya-zagotovka-o13839501.html;Паллетная заготовка;РСУ Ремжилстрой, ООО;Брест, BY;;Паллетная заготовка из хвойных пород. Дисковое пиление. Камерная сушка. Толщина 15-25 мм;+375 (44) 795-30-40;+375 (29) 646-63-11
https://flagma.ua/palletnaya-doska-zagotovka-o13433739.html;Паллетная доска заготовка;НІЛС, ООО;Славянск, UA;4 250 грн/метр куб.;ПРОДАЖАПаллетная доска заготовка (сосна);+380 (95) 137-98-47;+380 (50) 068-60-88
https://flagma.ua/palletnaya-zagotovka-o3868013.html;Паллетная заготовка;Фирма Линк, ООО;Чернигов, UA;170 €/метр куб.;Производим заготовку для поддонов из лиственных пород древесины по индивидуальным размерам заказчика. Условия поставки FCA/;+380 (462) 69-48-82;+380 (66) 520-04-53
https://flagma.ua/palletnaya-zagotovka-o5117663.html;Паллетная заготовка;BKlumber, ООО;Макаров (Укр), UA;;Производи палетную заготовку из сухостоя по вашей спецификации, дисковое пиление. Работаем с НДС.;+380 (50) 171-58-02;
https://flagma.ua/palletnaya-zagotovka-doska-o13326633.html;Паллетная заготовка доска;НІЛС, ООО;Славянск, UA;4 500 грн/метр куб.;Паллетная заготовув (сосна) все типоразмерыНа постоянной основе;+380 (95) 137-98-47;+380 (50) 068-60-88
https://flagma.ua/palletnaya-zagotovka-o13400798.html;Паллетная заготовка;НІЛС, ООО;Славянск, UA;4 250 грн/штука;Паллетная доска: 100*20*1200;+380 (95) 137-98-47;+380 (50) 068-60-88
https://flagma.ua/palletnaya-zagotovka-doska-o13400819.html;Паллетная заготовка доска;НІЛС, ООО;Славянск, UA;4 250 грн/штука;Паллетная доска: 100*22*2.45;+380 (95) 137-98-47;+380 (50) 068-60-88
https://flagma.ua/prodam-evropoddony-palletnaya-zagotovka-o2099250.html;Продам - европоддоны, паллетная заготовка;ТТТ-компани, ООО;Чернигов, UA;1 грн/штука;Продам деревянные европоддоны размером 1200х800(сухостой, свежепил), 1200*1000, европодон облегчённый . Также изготавливаем поддоны под вашу спецификацию. Возможен экспорт. Цена договорная.;+380 (67) 452-26-52;+380 (99) 435-29-79
https://flagma.ua/palletnaya-zagotovka-o12671251.html;Паллетная заготовка;Кулинич В.О., ФЛП;Полтава, UA;3 500 грн/штука;Брус 1001001300доска 100221300брус 100801250;+380 (95) 555-83-50;
https://flagma.ua/palletnaya-zagotovka-o3258784.html;Паллетная заготовка;;Киев, UA;;;+380 (44) 517-82-72;
https://flagma.ua/paletnaya-zagotovka-doski-palety-o13127016.html;Палетная заготовка ( доски , палеты);Wood Pallets, ЧП;Новоград-Волынский, UA;4 500 грн/метр куб.;Продаем Заготовку Паллетную 1 - 2 сорта для изготовления деревянной тары - Поддонов - Паллет;+380 (97) 661-10-28;+380 (97) 716-58-48
https://flagma.ua/paletnaya-zagotovka-krishki-dlya-podonov-brus-o14544982.html;Палетная заготовка кришки для подонов брус;;Киев, UA;1 грн/штука;Компания, производитель заготовки для поддонов, из Украины. Мы профессионалы в паллетной заготовке. Имеем очень большой опыт работы с разными странами. Размеры: толщина 15+мм, ширина: 70-160мм, длина 800-1200мм, дисковое пиление, идеальная геометрия, камерная сушка KD, фито и термообработка HT. Породы древесины – сосна.;+380 (67) 161-20-47;
https://flagma.ua/paletna-zagotovka-pryamiy-kontrakt-pallet-board-1200h800-fca-o14317905.html;Палетна заготовка прямий контракт pallet board 1200х800 fca;Агро-Фаворит, ООО;Ровно, UA;220 €/метр куб.;Паллетная заготовка для производства поддонов 1,2,3 сорт под ваш заказПрямой контракт fca;+380 (50) 710-02-87;
https://flagma.ua/paletnaya-zagotovka-brus-doska-o13008431.html;Палетная заготовка, брус, доска;Грищенко Л.П, ФЛП;Коростень, UA;3 000 грн/штука;Производим брус, доску, паллетную заготовку по Вашим спецификациям. Также, в наличии доска 22х100х1200, 22х145х1200 разных сортов.;+380 (97) 006-11-81;
https://flagma.ua/paletnaya-zagotovka-o13806960.html;Палетная Заготовка;;Киев, UA;4 500 грн/метр куб.;Палетная Заготовка.143х22х2.10100х22х1200Киевская область.Любой объем.;+380 (93) 978-49-30;
https://flagma.ua/paletna-zagotovka-2-sort-o13749016.html;Палетна заготовка 2 сорт;Екобіофул, ООО;Сарны, UA;1 грн/штука;Продам палетну заготовку 2 сорту 22х98х1.2-0.8;+380 (66) 463-12-28;
https://flagma.ua/paletnaya-zagotovka-tarnaya-doska-paletka-o12988323.html;Палетная заготовка, тарная доска, палетка свежепил 22-100/143-1200/800;Булуй О.В., ФЛП;Овруч, UA;3 000 грн/метр куб.;Продам доску (сосна) для поддоновПалетная заготовка;+380 (98) 117-70-06;
https://flagma.ua/prodam-paletnuyu-zagotovku-estestvennoy-vlazhnosti-221438001200-o14602311.html;Продам палетную заготовку естественной влажности 22*143*800/1200;Киев Вуд Экспорт, ООО;Макаров (Укр), UA;4 500 грн/метр куб.;Продам палетную заготовку естественной влажности. Хорошего качества в размерах:22*143*80022*143*1200Цена договорная. Самовывоз. Оплата как нал так и безнал по загрузке.Объемы большие;+380 (66) 693-18-75;+380 (93) 786-51-52
https://flagma.ua/pelletnye-zagotovki-evropoddony-struzhka-ot-pellet-tverdyh-porod-o9895629.html;Пеллетные заготовки . европоддоны стружка от пеллет твердых пород;Enterprise consulting International VVS, ЗАО;Киев, UA;100 грн/штука;Предлагаем на экспорт белые поддоны по 9.80 евро. Волынь обл.мм131;+380 (99) 769-27-96;
https://flagma.ua/paletnaya-zagotovka-o2090964.html;Палетная заготовка;Укрвудиндастри, ООО;Жолква, UA;1 грн/метр куб.;Палетную заготовку производим из хвойных и мягколиственных пород дерева. Пиление на многопиле. Возможна обработка антисептиком. Експорт контейнерными и автомобильными нормами. Ищем надежных и стабильных партнеров на долгострочных условиях сотрудничества.;+380 (67) 371-42-03;+380 (67) 675-91-98
https://flagma.ua/paletnaya-zagotovka-o13960559.html;Палетная заготовка;;Одесса, UA;1 грн/штука;Производим под заказ палетную заготовку , согласно вашим размерам и спецификации. Цена договорная;+380 (68) 202-02-74;
https://flagma.ua/paletnaya-zagotovka-o4445247.html;Палетная заготовка;Маркосян С.Г., ООО;Одесса, UA;1 грн/метр куб.;Продаю палетную заготовку, для поддонов и контейнеров, согласно вашей спецификации, сорт : 1,2,3;+380 (68) 202-02-74;
https://flagma.ua/paletnaya-zagotovka-o13872897.html;Палетная заготовка;Катрич О.О., ФЛП;Переяслав-Хмельницкий, UA;4 000 грн/штука;Продам палетную заготовку.;+380 (63) 176-54-74;
https://flagma.ua/prodam-paletna-zagotovka-o13817818.html;Продам палетна заготовка;Довжик І.І., ФЛП;Дубровица, UA;1 грн/штука;Продам палетна заготовка 2/3сорт20/95/120020/95/800Багатопильна , корована;+380 (96) 343-97-22;
https://flagma.ua/paletnaya-zagotovka-brus-na-kubik-shashka-o13681182.html;Палетная заготовка, брус на кубик(шашка);Жыдков, ФЛП;Днепр, UA;5 000 грн/штука;Продам палетную заготовку 1-3сортБрус на шашку, кубик;+380 (97) 486-87-60;
https://flagma.ua/paletnaya-zagotovka-parketnaya-doska-o7398519.html;Палетная заготовка, паркетная доска;Зерний П.Г., ФЛП;Одесса, UA;1 €/метр кв.;Производим и продаем : палетную заготовку , паркетную заготовку , ламель, Под заказ;+380 (66) 537-17-56;+380 (48) 704-11-53
https://flagma.ua/paletnaya-zagotovka-o13295540.html;Палетная заготовка;Лесопильня Пили-Пила, ФЛП;Северодонецк, UA;5 500 грн/метр куб.;Заготовка под палеты, поддоны, сырье сосна 1й сорт. Размер в размер.;+380 (50) 475-24-51;+380 (95) 749-90-43
https://flagma.ua/paletnaya-zagotovka-2-sort-o11027790.html;Палетная заготовка 2 сорт.;Завод Сател, ЧП;Шостка, UA;2 000 грн/метр куб.;Продам палетную заготовку. Размер 20 х 95/100 х 1000/1200мм. Сосна, 2 сорт;+380 (66) 835-70-72;+380 (95) 456-68-41
https://flagma.ua/paletna-zagotovka-2-sort-o12272798.html;Палетна заготовка 2 сорт;Торг, ФЛП;Ковель, UA;3 800 грн/штука;КУплю палетну заготовку 2 сорткоровананекорована;+380 (97) 757-91-68;
https://flagma.ua/palletnaya-doska-i-poddony-o4996616.html;Паллетная доска и поддоны;Классик систем, ООО;Минск, BY;;Мы предлагаем паллетную доску , поддоны, поддоны по чертежам заказчика, паллетная заготовка, доска для изготовления тары собственного производства.У нас можно заказать доски и брусья любых размеров, вплоть до нестандартных по индивидуальной заявке.Мы умеем ценить время и средства своих клиентов.В случае индивидуального заказа досок, брусьев нестандартных размеров, наши специалисты рассчитывают объемы так, чтобы минимизировать затраты.Удачных покупок.;+375 (44) 749-11-11;+375 (29) 681-90-00
https://flagma.ua/suhuyu-strogannuyu-paletnuyu-zagotovku-mebeli-o3082074.html;;;Киев, UA;;;+380 (44) 501-80-80;+380 (50) 315-25-55
https://flagma.ua/paletnaya-zagotovka-vtoroy-sort-o2788645.html;;;Барановка, UA;;;+380 (67) 266-60-84;
https://flagma.ua/prodam-paletnuyu-zagotovku-o8183040.html;Продам палетную заготовку;;Чернигов, UA;;;+380 (67) 548-86-77;
https://flagma.ua/paletnuyu-zagotovku-o4169640.html;;Ярмоленко Я.В., ФЛП;Барышевка, UA;2 500 грн/метр куб.;Заготовка для поддонов . сосна. тополь.;+380 (93) 911-92-09;
https://flagma.ua/paletnaya-zagotovka-suhostoy-svezhepi-o4109132.html;;;Черкассы, UA;;;+380 (98) 000-04-40;+380 (67) 147-48-01
https://flagma.ua/prodam-paletnuyu-zagotovku-221438001200-o14599514.html;Продам палетную заготовку 22*143*800/1200;Киев Вуд Экспорт, ООО;Макаров (Укр), UA;5 500 грн/метр куб.;Продам доску/палетную заготовку свежопил сосна, как по Украине так и в страны Европы. Самовывоз с Киевской обл. Макаровв размерах:22*143*80022*143*120022*143*4000В наличии больше 300 м3. Цена договорнаяДетали по телефону (Вайбер, Телеграмм).;+380 (66) 693-18-75;+380 (93) 786-51-52
https://flagma.ua/poddony-i-palletnaya-doska-o4996358.html;Поддоны и паллетная доска;Классик систем, ООО;Минск, BY;;Мы предлагаем паллетную доску , поддоны, поддоны по чертежам заказчика, паллетная заготовка, доска для изготовления тары собственного производства.У нас можно заказать доски и брусья любых размеров, вплоть до нестандартных по индивидуальной заявке.Мы умеем ценить время и средства своих клиентов.В случае индивидуального заказа досок, брусьев нестандартных размеров, наши специалисты рассчитывают объемы так, чтобы минимизировать затраты.Удачных покупок.;+375 (44) 749-11-11;+375 (29) 681-90-00
https://flagma.ua/poddon-pallet-derevyanny-novye-o4996550.html;Поддон, паллет деревянный новые;Классик систем, ООО;Минск, BY;;Мы предлагаем паллетную доску , поддоны, поддоны по чертежам заказчика, паллетная заготовка, доска для изготовления тары собственного производства.У нас можно заказать доски и брусья любых размеров, вплоть до нестандартных по индивидуальной заявке.Мы умеем ценить время и средства своих клиентов.В случае индивидуального заказа досок, брусьев нестандартных размеров, наши специалисты рассчитывают объемы так, чтобы минимизировать затраты.Удачных покупок.;+375 (44) 749-11-11;+375 (29) 681-90-00
https://flagma.ua/pallety-poddony-o4996494.html;Паллеты. Поддоны;Классик систем, ООО;Минск, BY;;Мы предлагаем паллетную доску , поддоны, поддоны по чертежам заказчика, паллетная заготовка, доска для изготовления тары собственного производства.У нас можно заказать доски и брусья любых размеров, вплоть до нестандартных по индивидуальной заявке.Мы умеем ценить время и средства своих клиентов.В случае индивидуального заказа досок, брусьев нестандартных размеров, наши специалисты рассчитывают объемы так, чтобы минимизировать затраты.Удачных покупок.;+375 (44) 749-11-11;+375 (29) 681-90-00
https://flagma.ua/palletnaya-zagotovka-1-2-3-4-sort-miks-o13637437.html;Паллетная заготовка 1,2,3,4 сорт. микс.;ІҐДРА, ООО;Ватутино, UA;6 500 грн/метр куб.;Здійснюємо виробництво палетної заготівки хвойних порід, різних розмірів та сорту. Працюємо на постійній основі.  ;+380 (93) 476-84-38;+380 (98) 533-16-94
https://flagma.ua/palletnaya-zagotovka-1-2-sort-raznye-razmery-o13115183.html;Паллетная Заготовка 1,2, сорт. разные размеры под заказ.;ІҐДРА, ООО;Ватутино, UA;6 900 грн/метр куб.;"ТОВ ""ІҐДРА"" Це виробництво, продаж та доставка пиломатеріалів високої якості. Ми проконсультуємо Вас по всім питанням і подоможемо підібрати пиломатеріал, який відповідає усім вимогам Вашого будівництва. Великій вибір пиломатеріалів, виготовлення пиломатеріалів різного розміру та сорту, та деревини. Ми прагнемо до довгострокового співробітництва, та гарантуємо якість та стабільність поставок.ТОВ ""ІҐДРА""Продавец ТОВ ""ІҐДРА""";+380 (93) 476-84-38;+380 (98) 533-16-94
https://flagma.ua/prodam-paletnu-zahotovku-1-sortu-o14170741.html;Продам палетну заготовку 1 сорту;;Костополь, UA;200 €/м3;Завод пропонує палетну заготовку суху 1сорту 20-95-1200, 20-145-1200. Великі об'єми, постійна співпраця!;+380 (67) 009-31-00;
https://flagma.ua/paletna-zahotovka-obrizna-doshka-22-ka-sosna-1-2-sort-o14295590.html;Палетна заготовка, обрізна дошка, 22- ка, сосна, 1-2 сорт.;Богданов В.В., ФЛП;Киев, UA;4 500 грн/метр куб.;"Палетна заготовка;Дошка на піддони;Дошка на обшивку;Розмір: 22х98,Довжина - 2,8м. - ( залік - 2,4 м),Сорт-1 -2,Дошка 22х143,Довжина 2,8 м.Сорт -1,Ціна:З синевою - 4500 грн,Біла - 5500 грн,Від виробника, можливий б/г розрахунок.";+380 (67) 564-01-79;
https://flagma.ua/paletna-zahotovka-z-sosny-o14525603.html;Палетна заготовка з сосни;Харсун А.Ю., ФЛП;Вышгород, UA;5 000 грн/метр куб.;Виробляємо і реалізуємо палетну заготовку із сосни.22х100х120022x145x1200Свіжопил, природна вологість, розпил дисковими пилами, дискова торцовка.Працюємо по Україні і на єкспорт (EXW, FCA, CPT).Склад у Київській обл.;+380 (93) 277-29-37;+380 (99) 601-47-46
https://flagma.ua/pylomaterial-paletna-zahotovka-na-eksport-o8354660.html;Пиломатеріал, палетна заготовка на експорт;КДВ, ЧП;Киев, UA;1 грн/штука;Українска фірма виготовляє пиломатеріал, палетну заготовку, піддони, кришки на піддони, рамки під вантажі і т. п. гарної якості та в будь-якій кількості. Готові співпрацювати з іноземними компаніями, прямий експортний контракт, а також з вітчизняними компаніми нашої країни. Працюємо з ПДВ та без (ФОП). На ринку вже більш як 10 років. Телефонуйте, пишіть - ми вміємо домовлятися на взаємовигідних умовах.;+380 (95) 203-43-98;+380 (66) 928-45-84
https://flagma.ua/paletna-zahotovka-miakolystianykh-porid-o13749590.html;Палетна заготовка м'яколистяних порід;Euro-brus, ФЛП;Смела, UA;3 500 грн/метр куб.;Виготовляємо палетну заготовку згідно спеціфікації замовника.;+380 (96) 774-77-42;
https://flagma.ua/paletna-zagotovka-o13976417.html;Палетна заготовка;Ищенко Владимир Анатольевич, ФЛП;Олевск, UA;6 000 грн/метр куб.;Виготовляю постійно палетну заготовку 22*98*1200, 22*143*800-1200, 78*98-143*2000-4000, якість багатопильна. Працюємо з сухостоєм та свіжопильною хвоєю. Об’єм в тиждень 3 машинонорми.Можливо спільне виробництво тари.;+380 (97) 807-68-07;
https://flagma.ua/paletna-zagotovka-o13830126.html;Палетна заготовка;Еммакс-Постач, ООО;Луцк, UA;7 000 грн/штука;На постійній основі продам палетну заготовку сосна свіжопил розміром221431.2-2.5м22981.2м1 сорту та 22981.2 2 сорту якість багатопил.Цікавить довготривала співпраця, люба форма розрахунку.Працюємо з пдв та можливий експорт , також наявна доставка;+380 (98) 752-49-45;
https://flagma.ua/paletna-zagotovka-o13963792.html;Палетна заготовка;;Старая Выжевка, UA;4 700 грн/штука;Продам палетну заготовку22*143*4000/360022*98*4000/3600Також дошку довжиною 4,5/6м.50*100/15025*100/120/150 мм.;+380 (98) 642-05-04;
https://flagma.ua/paletna-zagotovka-sosna-smereka-o13757133.html;Палетна заготовка сосна, смерека;Добрий Ліс, ЧП;Львов, UA;5 600 грн/метр куб.;Палетна заготовкаСвіжа і синяДощечка22х98х400022х143х4000Брус78х98х400078х143х4000;+380 (50) 024-90-43;
https://flagma.ua/prodam-izgotovlyu-pod-zakaz-paletnuyu-zagotovku-pervogo-sorta-sosna-o14308130.html;Продам, изготовлю под заказ палетную заготовку первого сорта ”сосна”.;;Киев, UA;5 000 грн/метр куб.;Продам, изготовлю палетную заготовку первого сорта ”сосна” от производителя экспортного качества как стандартные так и нестандартные размеры. Работаем как по Украине так и на экспорт.;+380 (93) 652-05-88;+380 (97) 056-71-11
https://flagma.ua/paletnu-zagotovku-o14271741.html;Палетну заготовку;TRJ-KTC, ФЛП;Малин, UA;6 300 грн/штука;Продам палетну заготовку 22*143*2400 , транспортировочная влажность, в наличии 60 м3 . оплата на загрузке;+380 (96) 633-61-69;+380 (96) 500-35-74
https://flagma.ua/botra-poddona-palletnye-borta-o7274256.html;Ботра поддона Паллетные борта;РАСС, ООО;Мелитополь, UA;150 грн/штука;Изготовляем ботра поддонов 1200х800х200, 600*800*200 стандарт и не стандарт под заказ любой размер. Материал дерево( сосна) , фанера, ОСБ, ДВП, ДСП. Последние очень популярны кому нужно сбросить вес на отгркзку. Под них поддоны и крышки. Большой ассортимент деревянной упаковочной тары, сами делаем чертежи, опыт работы и качество. НДС, фитосанитарный контроль на экспорт.;+380 (67) 995-98-09;+380 (63) 851-88-10
https://flagma.ua/palletny-bort-o7035790.html;Паллетный борт;СКАН ВУД, ООО;Ковель, UA;150 грн/штука;Размеры бортов: 1200x800х200 mm. na 1 dosku , optom;+380 (98) 609-38-57;
https://flagma.ua/prodam-zagotovku-na-evro-poddony-o11002552.html;Продам заготовку на евро поддоны;Власова Е. С., ЧП;Харьков, UA;2 100 грн/метр куб.;Продам заготовку на евро поддоны, обработана антисептиком.15*80*1300,40*80*1100;+380 (50) 595-32-61;
https://flagma.ua/prodam-paletnu-zagotovku-2-3-sort-o14317904.html;Продам палетну заготовку 2-3 сорт;Агро-Фаворит, ООО;Ровно, UA;4 000 грн/метр куб.;Палетна заготовка 2-3 сорт 4000 грн/м3;+380 (50) 710-02-87;
https://flagma.ua/doska-palletnaya-20-87-780-sosna-o13538609.html;Доска паллетная 20*87*780 сосна;НІЛС, ООО;Славянск, UA;4 000 грн/метр куб.;Доска 20*87*780мм в хорошем качестве по низкой цене.Самовывоз в г. Славянск ПО Химпром.;+380 (95) 137-98-47;+380 (50) 068-60-88
https://flagma.ua/poddon-evropoddon-paletnaya-zagotovka-o3203890.html;Поддон Европоддон Палетная заготовка;;Ромны (Сумс), UA;;;+380 (67) 735-85-64;
https://flagma.ua/kuplyu-prodam-evropoddon-poddon-palleta-o996369.html;Куплю продам европоддон, поддон, паллета деревянные 1200х800;Сидорчук Роман Владимирович, ФЛП;Киев, UA;103.95 грн/штука;Сидорчук ЧП-Выгодно для Вас закупаем Европоддоны, Паллеты, Поддоны- пластиковые и деревянные Новые, Б/У размером 800х1200, 1000х1200, 1200х1200 и Заготовку для производства деревянных (так же интересует сухая заготовка) в Киеве, Житомире, Харькове, Днепропетровске, Донецке, Чернигове, Черкассах, Кременьчуге, Кировограде, Николаеве, Хмельницком, Броварах, Борисполе, Полтаве, Миргороде, Ровно, Луцке, Сумах, Шостке, Виннице, Белой Церкви, Ковеле, . Возможны любые условия доставки. Рассмотрим все предложения. Будем рады сотрудничать с Вами.;+380 (67) 238-71-44;
https://flagma.ua/prodam-kuplyu-evro-poddon-palleta-plastikovye-o1047327.html;Продам, куплю, евро поддон, паллета, пластиковые, б/у, новые;Триумф, ЧП;Вишневое, UA;109.50 грн/штука;Наша компания производит, продает, продажа и реализует, закупает, закупка, покупка , заготовка, палетка, палетка, европоддоны, европоддон, паллеты, паллета, поддон, поддоны, тара, упаковка, грузовые, транспортные, пластиковые, деревянные, новые, б/у, размером 1200*800*145 с нагрузкой до 2500 кг (светлые и темные), 1200*800*140 с нагрузкой до 1500 кг (светлые и темные), 1200*800*140 с нагрузкой до 800 кг (светлые и темные), 1200*1000*145 с нагрузкой до 2500 кг (светлые и темные), 1200*1000*140 с нагрузкой до 1500 кг (светлые и темные), 1200*1000*140 с нагрузкой 800 кг (светлые итемные) в Киеве и Киевской области, Житомире, Харькове, Днепропетровске, Донецке, Чернигове, Черкассах, Кременьчуге, Кировограде, Николаеве, Хмельницком, Броварах, Борисполе, Полтаве, Миргороде, Ровно, Луцке, Сумах, Шостке, Виннице, Белой Церкви, Ковеле.;+380 (67) 828-26-58;+380 (97) 530-98-91
https://flagma.ua/prodaem-poddony-dlya-hraneniya-i-perevozki-o10860626.html;Продаем поддоны для хранения и перевозки груза.;Евротара, ЧП;Киев, UA;1 грн/штука;"Основной вид деятельности компании ""Мир Паллет"" это, продажа ипроизводство новых деревянных поддонов в Киеве. В том числеосуществляет сбор, ремонт, сортировку и продажу бывших в употреблении.деревянных поддонов. Наша паллетная компания является надежным поставщиком. деревянной тары из хвойных и лиственных пород древесины. Деревянные поддоны. представлены широким ассортиментом в каталоге различных размеров и стандартов. Приглашаем к сотрудничеству заинтересованных в регулярных сделках по купле . Продаже деревянной тары на территории Киева и Киевской области. Мы предлагаем оптимальные условия сотрудничества и выгодные цены.";+380 (67) 656-87-22;+380 (67) 255-36-18
https://flagma.ua/pilomaterialy-poddonov-proizvoditelya-o3457148.html;Пиломатериалы для поддонов от производителя;Мищенко А.О., ФЛП;Чернигов, UA;1 800 грн/метр куб.;Продам заготовку для поддонов от производителя торг!!! есть и другие пиломатериалы;+380 (68) 538-95-23;+380 (95) 667-66-40
https://flagma.ua/kuplyu-prodam-evropoddony-poddony-pallety-o13947443.html;Куплю Продам Европоддоны Поддоны Паллеты Деревянные Новые и БУ. Звоните!;Желобков А., ФЛП;Бровары, UA;50 грн/штука;-СКУПАЕМ, ИЗГОТАВЛИВАЕМ и ПРОДАЁМ без проблем поддоны деревянные на условиях выше среднерыночных до 10% по Киевской области, а так-же по всей УКРАИНЕ!Европоддоны всех сортов облегченные 800х1200, 1000х1200, промышленные 1200х1200, 1100х130, 1140х1140 и тд.-В наличии всегда есть поддоны, весь ассортимент (ВАЖНО!).;+380 (96) 092-26-35;
https://flagma.ua/zdravstvuyte-rassmotrite-pozhaluysta-nashe-o12474963.html;Здравствуйте!!! Рассмотрите , пожалуйста, наше коммерческое предложение по заинтересовавши;ДП Аграрні Стратегії, ООО;Харьков, UA;200 грн/штука;"Здравствуйте!!! Рассмотрите , пожалуйста, наше коммерческое предложение по заинтересовавшим нас позициям. Интересно было бы с вами сотрудничать, по свежепилиной доске , брусу, так же фризе по следующим спецификациям !!! Наша компания работает на рынке изделий из разных пород древесины Актуальные спецификации по пиломатериалам из Сосны ( Хвоя ) - Сухостой , Свежепил , Лиственных пород- Клен, Берест , Ясень, так же массива дуба !!! И мягких пород- Тополь , Осина ! от 600 мм длинной 1. Дуб, Сосна - обрезная доска из свежепила ! Влажность естественная толщины приведены нетто .... мм длины .... - По вашему Тех-Заданию !!! Сорт 1 ; 2; ; 3; 4; 5.. 2. CПЕЦИФИКАЦИЯ Мебельная заготовка № фриза из... Влажность :( Только Свежепил ) !!! Толщина ... Длина.... Ширина... Качество: сорт QF1a сорт QF1b сорт QF2 сорт QF3 С уважением. Маевский Максим Олегович Мэсенджеры Viber Wotsap Telegram";+380 (99) 726-37-39;+380 (68) 303-28-97
https://flagma.ua/sdelaem-poddony-i-pallety-dlya-lyubyh-gruzov-o1170436.html;;;Сарны, UA;;;+380 (97) 576-49-61;+380 (66) 529-97-69
https://flagma.ua/poddon-o1222319.html;;;Купянск, UA;;;+380 (50) 805-86-58;+380 (50) 229-77-43
https://flagma.ua/doska-paletnaya-o12822277.html;Доска палетная;НВП Укрпромзерно, ООО;Полтава, UA;5 000 грн/метр куб.;Компания производит и реализует на постоянной основе палетную доску разных размеров из сосны . Сухостой , зелёная , производственные базы расположены в г. Днепр , г. Харьков , возможно доставка .;+380 (99) 088-80-58;+380 (99) 259-17-77
https://flagma.ua/prodam-novye-poddony-epal-evropoddon-eksport-o4546140.html;Продам новые поддоны EPAL, европоддон, экспорт;Мирошниченко А., ФЛП;Харьков, UA;15 €/штука;Самое крупное производство поддонов в Украине, расширяет рынки сбыта.Мы продаем новые сертифицированные поддоны EPAL.Также производим поддоны под заказ, облегченные поддоны (различный размер и сорт), работаем с нестандартными размерами.В наличии деревянные элементы для поддонов, паллетные борта.Только опт.Доставка по всей Украине, экспортируем в Европу.Есть вся необходимая документация;+380 (50) 747-41-48;+380 (98) 889-40-37
https://flagma.ua/prodam-poddony-novye-1200h800-2-3-sort-po-o3527119.html;Продам поддоны новые 1200х800 2-3 сорт по лучшей цене;Бакун В.Г., ФЛП;Житомир, UA;70 грн/штука;Цена от производителя.Поддон сделан из заготовки 21х95Шашка 80х80х85Используем гвозди с кольцевым накатом под пневмопистолет.Качество тары отличное. Выдерживает вес 1500 кг.Доставка по Житомиру бесплатная от 100 шт;+380 (63) 687-26-65;
